cell_key,variant,mode,shape_name,shape_json,lengths_json,heads,dim,pre_change_default_normalized,post_heuristic_normalized,pretuned_aot_normalized,fla_triton_normalized,pretuned_aot_vs_post_heuristic,post_heuristic_vs_fla_triton,pre_change_default_latency_us,post_heuristic_latency_us,pretuned_aot_latency_us,fla_triton_latency_us
vanilla_linear_attn::forward::B1_T8192_H96_D128,vanilla_linear_attn,forward,B1_T8192_H96_D128,"[1,96,8192,128,128]",null,,,1.0,4.3422216089297905,4.778837090475645,3.5403085419692117,1.1005511742302496,1.2265093726871992,1588.9137616524329,365.9218494018885,332.48962698878813,448.80657796245004
vanilla_linear_attn::forward_backward::B1_T8192_H96_D128,vanilla_linear_attn,forward_backward,B1_T8192_H96_D128,"[1,96,8192,128,128]",null,,,1.0,3.1434731972750987,3.659080714917754,2.385977514490385,1.1640247857336932,1.3174781313672628,4943.936022122701,1572.7622638578,1351.1415591262316,2072.0798884723204
simple_gla::forward::B1_T8192_H96_D128,simple_gla,forward,B1_T8192_H96_D128,"[1,96,8192,128,128]",null,,,1.0,3.9516976910190538,4.717472193590307,3.084520698280118,1.193783675383776,1.281138328305743,1787.782711747252,452.40877504630754,378.9704821527801,579.5982217736754
simple_gla::forward_backward::B1_T8192_H96_D128,simple_gla,forward_backward,B1_T8192_H96_D128,"[1,96,8192,128,128]",null,,,1.0,2.906094001735842,3.7310315063960484,1.9547151229049848,1.2838647009241484,1.4867097346732412,5324.923413140433,1832.3300657032419,1427.1987261463755,2724.1429458154694
retention::forward::B1_T8192_H96_D128,retention,forward,B1_T8192_H96_D128,"[1,96,8192,128,128]",null,,,1.0,3.949918014705433,4.7079583064724195,2.4035839890821222,1.191912917925087,1.6433451182264793,1786.1285967591366,452.1938405074309,379.3849648803385,743.1105402899698
retention::forward_backward::B1_T8192_H96_D128,retention,forward_backward,B1_T8192_H96_D128,"[1,96,8192,128,128]",null,,,1.0,2.9052747724437364,3.731880778536213,2.1699926227945054,1.2845190458172004,1.3388408522340223,5323.31657409668,1832.2936696342276,1426.4433646202087,2453.1496181960933
full_gla::forward::B1_T8192_H96_D128,full_gla,forward,B1_T8192_H96_D128,"[1,96,8192,128,128]",null,,,1.0,2.2667119606147157,2.560916535144538,1.4617376982275303,1.129793542206411,1.550696792839973,2593.450113346702,1144.1463046073914,1012.7038807222694,1774.2240050943888
full_gla::forward_backward::B1_T8192_H96_D128,full_gla,forward_backward,B1_T8192_H96_D128,"[1,96,8192,128,128]",null,,,1.0,2.1130095743309036,2.385090167977849,1.0143202630091994,1.128764486896895,2.083177918641008,7581.080794334412,3587.8118520759676,3178.5300598349622,7474.050426483154
delta_rule::forward::B1_T8192_H96_D128,delta_rule,forward,B1_T8192_H96_D128,"[1,96,8192,128,128]",null,,,1.0,1.9499381361190313,2.260128132401651,1.6321922524286425,1.1590768396888693,1.1946742996835051,2263.8848047990064,1161.0033994744183,1001.6621501867522,1387.0209231972694
delta_rule::forward_backward::B1_T8192_H96_D128,delta_rule,forward_backward,B1_T8192_H96_D128,"[1,96,8192,128,128]",null,,,1.0,1.6199223664352511,1.91878308579637,2.0378875057357075,1.1844907666895061,0.7949027421169821,7679.58804888603,4740.713634188213,4002.322151854232,3768.4062674075744
gated_delta_rule::forward::B1_T8192_H96_D128,gated_delta_rule,forward,B1_T8192_H96_D128,"[1,96,8192,128,128]",null,,,1.0,1.794276864620104,2.2481424231557683,1.9390064647358212,1.2529517977325977,0.9253588872714585,2392.530628892242,1333.4233283996582,1064.2255598441102,1233.8951274297124
gated_delta_rule::forward_backward::B1_T8192_H96_D128,gated_delta_rule,forward_backward,B1_T8192_H96_D128,"[1,96,8192,128,128]",null,,,1.0,1.4692119736961644,2.061373469779114,1.9314328082777699,1.403047012061317,0.7606850041064794,9353.18797826767,6366.125614085096,4537.357308314397,4842.616288892685
kda::forward::B1_T8192_H96_D128,kda,forward,B1_T8192_H96_D128,"[1,96,8192,128,128]",null,,,1.0,1.538681329062205,1.7804950708402305,1.3096678161108573,1.1571564801695529,1.1748638167130183,3120.7124183052465,2028.173319167561,1752.7217398206872,2382.827446712711
kda::forward_backward::B1_T8192_H96_D128,kda,forward_backward,B1_T8192_H96_D128,"[1,96,8192,128,128]",null,,,1.0,1.240616021896874,1.4707300449988499,1.240073102811707,1.1854836783021203,1.0004378121611832,14125.845779072155,11386.154563338667,9604.64894771576,11391.139560275607
kda_fused::forward::B1_T8192_H96_D128,kda_fused,forward,B1_T8192_H96_D128,"[1,96,8192,128,128]",null,,,1.0,1.4479964896939377,1.692214244342653,1.3044040264309338,1.1686590792083589,1.1100828120378443,3290.1688131053793,2272.2215395707353,1944.2980249722798,2522.3540762196417
vanilla_linear_attn::forward::B2_T16384_H16_D128,vanilla_linear_attn,forward,B2_T16384_H16_D128,"[2,16,16384,128,128]",null,,,1.0,4.389280057646654,5.167028621702253,3.4213050882182574,1.1771927409144622,1.2829256510218143,1129.794403027169,257.3985683731735,218.65456643337956,330.22322590223655
vanilla_linear_attn::forward_backward::B2_T16384_H16_D128,vanilla_linear_attn,forward_backward,B2_T16384_H16_D128,"[2,16,16384,128,128]",null,,,1.0,3.07502552207849,3.6698612775821258,2.190413838989122,1.1934409165819122,1.4038559597019422,3328.798192270686,1082.5270126605858,907.0637663077695,1519.7119982619033
simple_gla::forward::B2_T16384_H16_D128,simple_gla,forward,B2_T16384_H16_D128,"[2,16,16384,128,128]",null,,,1.0,3.677949979410339,4.205850652382407,2.322695357441049,1.1435312268865339,1.5834835884213398,1261.0323124520053,342.86282290717236,299.82812436235525,542.9176531533196
simple_gla::forward_backward::B2_T16384_H16_D128,simple_gla,forward_backward,B2_T16384_H16_D128,"[2,16,16384,128,128]",null,,,1.0,2.8426794971361122,3.216814869177889,1.6902926252878856,1.1316136315819998,1.681767674193074,3705.6180000305176,1303.565176363984,1151.952521587775,2192.2937748127415
retention::forward::B2_T16384_H16_D128,retention,forward,B2_T16384_H16_D128,"[2,16,16384,128,128]",null,,,1.0,3.6792078862251714,4.2144543480439145,2.3052226011741204,1.1454787221517673,1.5960315001038243,1261.4456876118977,342.8579538369406,299.31411837391994,547.2120943849001
retention::forward_backward::B2_T16384_H16_D128,retention,forward_backward,B2_T16384_H16_D128,"[2,16,16384,128,128]",null,,,1.0,2.8423300421817865,3.2110480069759113,1.9921897984089958,1.1297238390060766,1.4267365712100977,3705.5496096611023,1303.7013839591634,1154.0000652780338,1860.0384424317558
full_gla::forward::B2_T16384_H16_D128,full_gla,forward,B2_T16384_H16_D128,"[2,16,16384,128,128]",null,,,1.0,2.1284638480671614,2.482906128467711,1.3098126263057974,1.1665249239363005,1.625013994612567,1768.793798937942,831.0189531967703,712.3885106480152,1350.4174287330377
full_gla::forward_backward::B2_T16384_H16_D128,full_gla,forward_backward,B2_T16384_H16_D128,"[2,16,16384,128,128]",null,,,1.0,2.087425547660263,2.381654621108181,0.8968014770879335,1.1409530863401145,2.3276339312447254,5217.9581491570725,2499.709824384269,2190.8962378135093,5818.409405502618
delta_rule::forward::B2_T16384_H16_D128,delta_rule,forward,B2_T16384_H16_D128,"[2,16,16384,128,128]",null,,,1.0,2.3015289355193156,2.6113689637622213,1.7769008241931483,1.1346235641278146,1.295248954912489,1826.934627666595,793.7917266525118,699.6080037018265,1028.157904364846
delta_rule::forward_backward::B2_T16384_H16_D128,delta_rule,forward_backward,B2_T16384_H16_D128,"[2,16,16384,128,128]",null,,,1.0,1.7121771934612047,1.936620766150609,1.994708595614127,1.131086650112239,0.8583595605021509,5655.078663016266,3302.858304977417,2920.0754024014614,2835.0400030612946
gated_delta_rule::forward::B2_T16384_H16_D128,gated_delta_rule,forward,B2_T16384_H16_D128,"[2,16,16384,128,128]",null,,,1.0,2.178239587777559,2.5790253761885085,2.143678523119585,1.183995273366539,1.0161223169823428,2053.486861501421,942.7277297795224,796.2259233510255,957.9266850670723
gated_delta_rule::forward_backward::B2_T16384_H16_D128,gated_delta_rule,forward_backward,B2_T16384_H16_D128,"[2,16,16384,128,128]",null,,,1.0,1.5612074015461188,2.0672196943742875,1.8338441709376425,1.324115996585109,0.8513304599637139,6935.6896932735,4442.5165332965,3355.081084099683,3782.049643687713
kda::forward::B2_T16384_H16_D128,kda,forward,B2_T16384_H16_D128,"[2,16,16384,128,128]",null,,,1.0,1.8431141111908174,2.0095595196060962,1.3628046627328985,1.0903066214971033,1.352441888109431,2560.742950439453,1389.3567060723024,1274.2807194590569,1879.024206817924
kda::forward_backward::B2_T16384_H16_D128,kda,forward_backward,B2_T16384_H16_D128,"[2,16,16384,128,128]",null,,,1.0,1.2773127050932203,1.4527900052615021,1.2332785991788715,1.137380063212849,1.0357049136696828,10143.212795257568,7941.056841298154,6981.885033984517,8224.591590262748
kda_fused::forward::B2_T16384_H16_D128,kda_fused,forward,B2_T16384_H16_D128,"[2,16,16384,128,128]",null,,,1.0,1.722758300525762,1.9193725612903865,1.3550925916640117,1.1141275945120221,1.2713214662403756,2678.344809680904,1554.6840255324905,1395.4272681069606,1976.5031748804554
vanilla_linear_attn::forward::B4_T2048_H16_D128,vanilla_linear_attn,forward,B4_T2048_H16_D128,"[4,16,2048,128,128]",null,,,1.0,3.3729848041921846,3.1160822254731273,2.291048219812597,0.9238352398149673,1.4722452260162764,259.8779622209135,77.04688200727105,83.39894245937467,113.43190421464415
vanilla_linear_attn::forward_backward::B4_T2048_H16_D128,vanilla_linear_attn,forward_backward,B4_T2048_H16_D128,"[4,16,2048,128,128]",null,,,1.0,2.5908641960062417,2.5096188042739924,1.7121769808440415,0.9686415861327324,1.5131988252341995,809.5249329195466,312.4536338752957,322.5688823899827,472.80447172025407
simple_gla::forward::B4_T2048_H16_D128,simple_gla,forward,B4_T2048_H16_D128,"[4,16,2048,128,128]",null,,,1.0,2.691327076089634,2.506845590089534,1.7310684139069359,0.9314533385261583,1.554720226230367,296.98358637066514,110.34838129082686,118.46903835830517,171.56086032462915
simple_gla::forward_backward::B4_T2048_H16_D128,simple_gla,forward_backward,B4_T2048_H16_D128,"[4,16,2048,128,128]",null,,,1.0,2.2575207887335713,2.1166811559335716,1.3849314469211107,0.9376131402630369,1.630059591579312,881.4847140282111,390.46582358282876,416.44662048282294,636.4825609151055
retention::forward::B4_T2048_H16_D128,retention,forward,B4_T2048_H16_D128,"[4,16,2048,128,128]",null,,,1.0,2.7332005973155504,2.2971542441375243,1.1407595788290275,0.8404630989740399,2.395947970142087,297.00345668977906,108.66507821690256,129.29190865077942,260.3558735791188
retention::forward_backward::B4_T2048_H16_D128,retention,forward_backward,B4_T2048_H16_D128,"[4,16,2048,128,128]",null,,,1.0,2.1938177908418193,2.1079358385524682,1.1815317632193099,0.9608527414410309,1.8567573544229923,881.903946587716,401.9950746453327,418.37324004763093,746.4073112895412
full_gla::forward::B4_T2048_H16_D128,full_gla,forward,B4_T2048_H16_D128,"[4,16,2048,128,128]",null,,,1.0,1.8632945079895986,2.1678957059448116,1.2859381616923495,1.1634745321521192,1.4489767575895123,431.5101426935965,231.58450843027188,199.0456189890998,335.5605701332564
full_gla::forward_backward::B4_T2048_H16_D128,full_gla,forward_backward,B4_T2048_H16_D128,"[4,16,2048,128,128]",null,,,1.0,1.8869529840927612,2.1273340938409007,0.8852528511343661,1.1273911495276145,2.131541267192546,1257.6407079111066,666.4928689337613,591.1815692477512,1420.6570544218653
delta_rule::forward::B4_T2048_H16_D128,delta_rule,forward,B4_T2048_H16_D128,"[4,16,2048,128,128]",null,,,1.0,1.9970145940935833,2.289608290613816,1.4902352494300508,1.146515552457961,1.3400666739411466,421.6445538510926,211.13744240936362,184.15575955922787,282.9382501939563
delta_rule::forward_backward::B4_T2048_H16_D128,delta_rule,forward_backward,B4_T2048_H16_D128,"[4,16,2048,128,128]",null,,,1.0,1.607641752260932,1.8381250208805393,1.5896887665223935,1.1433673069858155,1.0112933966173847,1355.4044670901949,843.1010610317882,737.3842647769949,852.622535702558
gated_delta_rule::forward::B4_T2048_H16_D128,gated_delta_rule,forward,B4_T2048_H16_D128,"[4,16,2048,128,128]",null,,,1.0,1.495241189228865,2.162643526634193,1.4348706780786478,1.4463509581016323,1.0420738342991689,466.42142608364776,311.93725095560904,215.67189429945387,325.0616471640536
gated_delta_rule::forward_backward::B4_T2048_H16_D128,gated_delta_rule,forward_backward,B4_T2048_H16_D128,"[4,16,2048,128,128]",null,,,1.0,1.3593725031089732,1.871245143159797,1.6204294471916445,1.3765506797291673,0.8388964453002831,1657.327723640927,1219.185852185851,885.6817770238016,1022.7706775591067
kda::forward::B4_T2048_H16_D128,kda,forward,B4_T2048_H16_D128,"[4,16,2048,128,128]",null,,,1.0,1.564125467080553,1.6728150876275716,1.2930933174036372,1.0694890677471598,1.2095998378687107,586.5327130307209,374.9908337759417,350.62614951814925,453.5888517376318
kda::forward_backward::B4_T2048_H16_D128,kda,forward_backward,B4_T2048_H16_D128,"[4,16,2048,128,128]",null,,,1.0,1.252906405188631,1.3886684012564863,1.217568739155181,1.1083576518610068,1.0290231384044644,2458.055265811311,1961.8825920530267,1770.0807936489582,2018.822582055491
kda_fused::forward::B4_T2048_H16_D128,kda_fused,forward,B4_T2048_H16_D128,"[4,16,2048,128,128]",null,,,1.0,1.4702773788044354,1.608304971613502,1.0402275141988502,1.0938786073967246,1.4134190441374699,623.9995551274119,424.4094101718553,387.9858398381968,599.8683428480512
vanilla_linear_attn::forward::B4_T4096_H64_D128,vanilla_linear_attn,forward,B4_T4096_H64_D128,"[4,64,4096,128,128]",null,,,1.0,4.11099465918648,4.517980481688269,3.294516414720772,1.0989993556893423,1.2478294662055611,1991.514163242804,484.4360862382882,440.79742515811387,604.4936229014344
vanilla_linear_attn::forward_backward::B4_T4096_H64_D128,vanilla_linear_attn,forward_backward,B4_T4096_H64_D128,"[4,64,4096,128,128]",null,,,1.0,2.8678369449465433,3.6214243198285185,2.3138213666597447,1.2627720436511853,1.2394374891120403,6326.167126919361,2205.9019561997034,1746.8726578880758,2734.0775818194984
simple_gla::forward::B4_T4096_H64_D128,simple_gla,forward,B4_T4096_H64_D128,"[4,64,4096,128,128]",null,,,1.0,4.174648922090537,4.4626685919031575,3.1424559614501355,1.0689925488796286,1.328466961288482,2243.5925425463956,537.43262832815,502.74684224077447,713.9614906523797
simple_gla::forward_backward::B4_T4096_H64_D128,simple_gla,forward_backward,B4_T4096_H64_D128,"[4,64,4096,128,128]",null,,,1.0,2.9924606662084168,3.389362522219999,2.004126617559497,1.1326339425254583,1.493149504621845,6828.732371330261,2281.978990882635,2014.7541983374233,3407.335799793864
retention::forward::B4_T4096_H64_D128,retention,forward,B4_T4096_H64_D128,"[4,64,4096,128,128]",null,,,1.0,4.171941504292068,4.4713082278700105,2.5133087322211956,1.071757171875482,1.6599399233396275,2246.1319336524375,538.390083212248,502.3433454334736,893.6951934541546
retention::forward_backward::B4_T4096_H64_D128,retention,forward_backward,B4_T4096_H64_D128,"[4,64,4096,128,128]",null,,,1.0,2.992824337221153,3.3844320709627933,2.2079045103290427,1.1308488870767635,1.3555044265818972,6828.778927976435,2281.7172538489103,2017.703054691183,3092.877837800488
full_gla::forward::B4_T4096_H64_D128,full_gla,forward,B4_T4096_H64_D128,"[4,64,4096,128,128]",null,,,1.0,2.319672938871638,2.556017266331885,1.529541665331351,1.101886918409805,1.5165804184674614,3347.163687931018,1442.9463877606747,1309.5231131730575,2188.3442365761957
full_gla::forward_backward::B4_T4096_H64_D128,full_gla,forward_backward,B4_T4096_H64_D128,"[4,64,4096,128,128]",null,,,1.0,2.153808332506723,2.3852110551541488,0.9626101458020364,1.10743886498856,2.2374668934246413,9905.788913849861,4599.197042905367,4153.003103203243,10290.551119837268
delta_rule::forward::B4_T4096_H64_D128,delta_rule,forward,B4_T4096_H64_D128,"[4,64,4096,128,128]",null,,,1.0,2.069070537125955,2.297582744595945,1.6498122301653027,1.1104419609528662,1.2541248629964663,2935.2535328062454,1418.6338648867252,1277.5398577962603,1779.1440014432117
delta_rule::forward_backward::B4_T4096_H64_D128,delta_rule,forward_backward,B4_T4096_H64_D128,"[4,64,4096,128,128]",null,,,1.0,1.6440188576802162,1.9273937108111732,2.085822348963933,1.1723671549186556,0.7881873825433076,9829.338842822659,5978.847990036011,5099.808507046457,4712.452547890799
gated_delta_rule::forward::B4_T4096_H64_D128,gated_delta_rule,forward,B4_T4096_H64_D128,"[4,64,4096,128,128]",null,,,1.0,2.0240442797356857,2.3305776271050154,2.110720758840127,1.1514459690621783,0.958935127377024,3289.346122741699,1625.135455619205,1411.3866384393477,1558.3994751391203
gated_delta_rule::forward_backward::B4_T4096_H64_D128,gated_delta_rule,forward_backward,B4_T4096_H64_D128,"[4,64,4096,128,128]",null,,,1.0,1.5021713030792876,2.079951813703373,1.8972374596288786,1.38463024119799,0.7917676806640375,12142.721405029297,8083.446528460529,5837.982074887144,6400.211709610959
kda::forward::B4_T4096_H64_D128,kda,forward,B4_T4096_H64_D128,"[4,64,4096,128,128]",null,,,1.0,1.6016300252650282,1.7807189301983493,1.3646598522541478,1.1118166506048652,1.1736477940781014,4104.036827609963,2562.4125190403147,2304.7078109922863,3007.369800489776
kda::forward_backward::B4_T4096_H64_D128,kda,forward_backward,B4_T4096_H64_D128,"[4,64,4096,128,128]",null,,,1.0,1.25745962831927,1.4784500469777129,1.2721336208920175,1.1757435496786646,0.9884650540385388,18396.57974243164,14629.956563313803,12443.152732849121,14461.200804937453
kda_fused::forward::B4_T4096_H64_D128,kda_fused,forward,B4_T4096_H64_D128,"[4,64,4096,128,128]",null,,,1.0,1.5028587391069363,1.7049518753484307,1.3569250685789123,1.134472476343044,1.1075473317630267,4333.494759988093,2883.501055171189,2541.7108967386444,3193.6138997907224
vanilla_linear_attn::forward::B8_T2048_H32_D256,vanilla_linear_attn,forward,B8_T2048_H32_D256,"[8,32,2048,256,256]",null,,,1.0,4.47669382192398,5.834140598435316,4.50170830957969,1.303225288685912,0.9944433344109659,3722.7236470089683,831.5787934339963,638.0928920374977,826.9579881679512
vanilla_linear_attn::forward_backward::B8_T2048_H32_D256,vanilla_linear_attn,forward_backward,B8_T2048_H32_D256,"[8,32,2048,256,256]",null,,,1.0,3.0402227295410706,4.230056530948798,0.228195058531908,1.391364024038902,13.322912201080651,11897.05591935378,3913.218529600846,2812.505183396516,52135.466893514
simple_gla::forward::B8_T2048_H32_D256,simple_gla,forward,B8_T2048_H32_D256,"[8,32,2048,256,256]",null,,,1.0,4.474618406572904,5.7616579658897615,3.996605636729335,1.287631132394728,1.1196046879007946,4058.720425383686,907.0539779261863,704.4361969093223,1015.5418858652221
simple_gla::forward_backward::B8_T2048_H32_D256,simple_gla,forward_backward,B8_T2048_H32_D256,"[8,32,2048,256,256]",null,,,1.0,3.0918902403589392,4.005446499008725,1.346718418785284,1.2954685281919096,2.2958698694770723,12341.574363708496,3991.5952392526574,3081.198155252557,9164.183240948301
retention::forward::B8_T2048_H32_D256,retention,forward,B8_T2048_H32_D256,"[8,32,2048,256,256]",null,,,1.0,4.475222886257185,5.77241320832643,3.002099215633782,1.2898604952286834,1.4906978633324108,4059.314825763441,907.0642801343052,703.2266539595734,1352.1587843013601
retention::forward_backward::B8_T2048_H32_D256,retention,forward_backward,B8_T2048_H32_D256,"[8,32,2048,256,256]",null,,,1.0,3.0882792233637444,4.002028108130078,0.23866363910990185,1.2958763825024477,12.939881562526697,12339.910430908203,3995.7236824808897,3083.4142333582827,51704.19120788574
full_gla::forward::B8_T2048_H32_D256,full_gla,forward,B8_T2048_H32_D256,"[8,32,2048,256,256]",null,,,1.0,2.792194548018965,3.4224527695682903,2.0729267392748594,1.225721456979596,1.3469817794890888,5756.0910811791055,2061.4935607774883,1681.861363394412,2776.7942649013594
full_gla::forward_backward::B8_T2048_H32_D256,full_gla,forward_backward,B8_T2048_H32_D256,"[8,32,2048,256,256]",null,,,1.0,2.6091595163889645,3.0785623522573364,1.4254900997995656,1.1799057638752644,1.8303596193027445,17434.54583485921,6682.054403093126,5663.210239050523,12230.562553405762
delta_rule::forward::B8_T2048_H32_D256,delta_rule,forward,B8_T2048_H32_D256,"[8,32,2048,256,256]",null,,,1.0,2.276631591120919,3.2699113217736366,2.299568094915865,1.436293572717959,0.9900257340299441,4862.186347284624,2135.6930854546763,1486.9474639597627,2114.391114589942
delta_rule::forward_backward::B8_T2048_H32_D256,delta_rule,forward_backward,B8_T2048_H32_D256,"[8,32,2048,256,256]",null,,,1.0,1.7425902444784724,2.445565834310763,1.9208106556440285,1.40340842723051,0.9072160440999841,15452.409553527832,8867.494583129883,6318.541638394619,8044.73335678513
gated_delta_rule::forward::B8_T2048_H32_D256,gated_delta_rule,forward,B8_T2048_H32_D256,"[8,32,2048,256,256]",null,,,1.0,2.267111709130909,3.337036283353723,2.4175843203817298,1.4719328870799078,0.9377591052430958,5276.31888473243,2327.330789868794,1581.139201588101,2182.4756391120677
gated_delta_rule::forward_backward::B8_T2048_H32_D256,gated_delta_rule,forward_backward,B8_T2048_H32_D256,"[8,32,2048,256,256]",null,,,1.0,1.179517304561084,2.570849239789348,2.161783065358678,2.179577382924449,0.5456224185775926,19172.68407344818,16254.686556364362,7457.7239990234375,8868.921392104205
kda::forward::B8_T2048_H32_D256,kda,forward,B8_T2048_H32_D256,"[8,32,2048,256,256]",null,,,1.0,1.7605297968882845,2.3982747691907775,1.772652320215625,1.3622460542444095,0.9931613643639572,6546.873704246853,3718.6951994895935,2729.826368667461,3693.2643979787827
kda::forward_backward::B8_T2048_H32_D256,kda,forward_backward,B8_T2048_H32_D256,"[8,32,2048,256,256]",null,,,1.0,1.4392187319810976,1.84495570601854,1.4103544559946115,1.2819147395885695,1.0204659728366872,26585.717519124348,18472.325942095587,14409.948939368838,18850.380063056946
kda_fused::forward::B8_T2048_H32_D256,kda_fused,forward,B8_T2048_H32_D256,"[8,32,2048,256,256]",null,,,1.0,1.6831446500795095,2.303538300961956,1.7444004848504981,1.3685919988238326,0.9648843053513375,6775.416753508827,4025.4512606440367,2941.3084864616394,3884.0947433521874
vanilla_linear_attn::forward::B8_T1024_H8_D64,vanilla_linear_attn,forward,B8_T1024_H8_D64,"[8,8,1024,64,64]",null,,,1.0,1.0312413565882552,1.0429820784480965,0.6972067925877894,1.0113850378331257,1.4791040012112413,78.12379659310942,75.75704377447886,74.90425598621368,112.05254656676684
vanilla_linear_attn::forward_backward::B8_T1024_H8_D64,vanilla_linear_attn,forward_backward,B8_T1024_H8_D64,"[8,8,1024,64,64]",null,,,1.0,0.995412774586797,1.0083450063351473,0.6610238388907748,1.0129918281928003,1.5058651685802142,304.81135072820473,306.2160326953149,302.28874920107796,461.12005769669474
simple_gla::forward::B8_T1024_H8_D64,simple_gla,forward,B8_T1024_H8_D64,"[8,8,1024,64,64]",null,,,1.0,1.033276013515259,1.0253369415587754,0.652969075934356,0.9923166009346578,1.5824271800876764,110.66615707999051,107.10222209020266,107.93150289869547,169.48146728332344
simple_gla::forward_backward::B8_T1024_H8_D64,simple_gla,forward_backward,B8_T1024_H8_D64,"[8,8,1024,64,64]",null,,,1.0,0.9474952473528937,0.9791321948801025,0.600791457628537,1.0333900857187368,1.5770784276675252,374.1005826537411,394.8310914475835,382.0736205079548,622.6795968944078
retention::forward::B8_T1024_H8_D64,retention,forward,B8_T1024_H8_D64,"[8,8,1024,64,64]",null,,,1.0,0.9842216680625584,1.0125339313462034,0.4537414145693603,1.0287661450691061,2.1691246081133446,106.5693591780545,108.2778022839473,105.25016088731601,234.8680454465414
retention::forward_backward::B8_T1024_H8_D64,retention,forward_backward,B8_T1024_H8_D64,"[8,8,1024,64,64]",null,,,1.0,0.9923439967695372,0.9759553933006319,0.592832635750402,0.9834849573109158,1.673902442151211,376.8606494337727,379.76815566033514,386.1453628113566,635.6948432110962
full_gla::forward::B8_T1024_H8_D64,full_gla,forward,B8_T1024_H8_D64,"[8,8,1024,64,64]",null,,,1.0,1.0178291791682483,0.9856753300512963,0.6324635470407628,0.968409385607094,1.609308843063881,150.78029797776884,148.13909943216973,152.9715651602257,238.40156271971028
full_gla::forward_backward::B8_T1024_H8_D64,full_gla,forward_backward,B8_T1024_H8_D64,"[8,8,1024,64,64]",null,,,1.0,1.0057797397599413,0.9777132657917846,0.5988745276965685,0.9720948107635817,1.679449856764553,447.68677363648027,445.11412980274764,457.8916838915228,747.5468615411032
delta_rule::forward::B8_T1024_H8_D64,delta_rule,forward,B8_T1024_H8_D64,"[8,8,1024,64,64]",null,,,1.0,0.9849213340414794,0.9483437272617135,0.5087998905346324,0.9628624078740632,1.9357734786588736,146.017824733132,148.25328651778653,153.97141409344252,286.98478016514633
delta_rule::forward_backward::B8_T1024_H8_D64,delta_rule,forward_backward,B8_T1024_H8_D64,"[8,8,1024,64,64]",null,,,1.0,0.993353979427879,0.9438971578147015,0.6169793412688107,0.9502122882301614,1.6100279425645896,518.6063515417504,522.0760799090382,549.4309917644218,840.557076798135
gated_delta_rule::forward::B8_T1024_H8_D64,gated_delta_rule,forward,B8_T1024_H8_D64,"[8,8,1024,64,64]",null,,,1.0,1.0197742145927438,1.0233473548947893,0.5626762094816912,1.0035038543345327,1.8123641934890193,180.9673922445444,177.45829386048499,176.83867689593015,321.6190576303953
gated_delta_rule::forward_backward::B8_T1024_H8_D64,gated_delta_rule,forward_backward,B8_T1024_H8_D64,"[8,8,1024,64,64]",null,,,1.0,0.9798271187888203,0.991385433442169,0.7319767301353157,1.0117962796004627,1.3386041911573967,738.0470543779353,753.2421181506456,744.460256809884,1008.2930563127293
kda::forward::B8_T1024_H8_D64,kda,forward,B8_T1024_H8_D64,"[8,8,1024,64,64]",null,,,1.0,0.9698714985123965,0.997318545368525,0.6073099259798436,1.0282996736147285,1.5969959604193695,250.20602405769503,257.978530600667,250.87874402780702,411.9906712441899
kda::forward_backward::B8_T1024_H8_D64,kda,forward_backward,B8_T1024_H8_D64,"[8,8,1024,64,64]",null,,,1.0,0.9867477362380384,0.9676735324609983,0.637133993348285,0.9806696249947731,1.5487287549239885,758.0616130025347,768.242566121949,783.3857055846344,1189.7993529096561
kda_fused::forward::B8_T1024_H8_D64,kda_fused,forward,B8_T1024_H8_D64,"[8,8,1024,64,64]",null,,,1.0,1.0023792701381262,0.9806301125192449,0.5156122463359353,0.9783024666742318,1.9440563665065649,304.0214423709514,303.29981018966777,310.02662317794665,589.6319269594563
kda_varlen::forward::fixed_T8192_H96_D128,kda_varlen,forward,fixed_T8192_H96_D128,null,[8192],96,128,1.0,1.14837258335906,1.4365014489133825,1.1097427169387342,1.2509019021609937,1.034809749891297,2861.9935443768136,2492.2168866181983,1992.3359955826852,2578.9703331162445
kda_varlen::forward::fixed_T8192_H64_D128,kda_varlen,forward,fixed_T8192_H64_D128,null,[8192],64,128,1.0,1.2141454905131228,1.4665468561793906,1.171400514222135,1.2078839543023776,1.0364904879006072,2078.6355809962497,1712.015238073137,1417.3673157715918,1774.4875094036997
kda_varlen::forward::ragged_T8192_H96_D128,kda_varlen,forward,ragged_T8192_H96_D128,null,"[1300,547,2048,963,271,3063]",96,128,1.0,1.1017321425200683,1.3562352793748063,1.1368677499941895,1.2310027338156762,0.969094375775634,2897.765643456403,2630.1907075418007,2136.624586843226,2548.9030218960943
kda_varlen::forward::ragged_T8192_H64_D128,kda_varlen,forward,ragged_T8192_H64_D128,null,"[1300,547,2048,963,271,3063]",64,128,1.0,1.0899926989340145,1.3429515299512464,1.127731080552736,1.2320738765173558,0.9665360099854438,2034.6304542488522,1866.645947480813,1515.0438484721158,1804.1805261336033
kda_varlen::forward::uniform_T8192_H96_D128,kda_varlen,forward,uniform_T8192_H96_D128,null,"[1024,1024,1024,1024,1024,1024,1024,1024]",96,128,1.0,1.1339448005874997,1.3499302387152818,1.1200002791240196,1.1904726209034864,1.0124504624895152,2788.8253522369096,2459.40133134524,2065.9033128193446,2490.022015367818
kda_varlen::forward::uniform_T8192_H64_D128,kda_varlen,forward,uniform_T8192_H64_D128,null,"[1024,1024,1024,1024,1024,1024,1024,1024]",64,128,1.0,1.1276321837759575,1.3167486019351042,1.1073050757264167,1.1677110860084507,1.018357278852177,1920.9985262469243,1703.5683744093951,1458.8954363982689,1734.8412541021783
